Business Name,URL,Nova Score,Pain Signal,Suggested Template,Deal Size MRR,Priority,Approach,Demo Link,Email Subject,Outreach Hook
"Today's Veterinary Business | Veterinary Business Magazine","https://todaysveterinarybusiness.com/","8","ğŸŒ Outdated Site","Custom X Agent","1000","","","","",""
"The Center for Veterinary Business and Entrepreneurship |","https://www.vet.cornell.edu/departments-centers-and-institutes/center-veterinary-business-and-entrepreneurship","7","ğŸ“ Manual Phone","Custom X Agent","1000","","","","",""
"Veterinary Business Consultancy ltd â€“ The Veterinary","https://veterinarybusinessconsultancy.com/","8","ğŸ“ Manual Phone","Custom X Agent","1000","","","","",""
"Three ways to veterinary business success â€“ Veterinary","https://veterinarybusinessconsultancy.com/2017/04/05/three-ways-to-veterinary-business-success/","7","ğŸ“ Manual Phone","Custom X Agent","1000","","","","",""
"VBMA â€“ Veterinary Business Management Association","https://vbma.biz/","7","ğŸ“ Manual Phone","Custom X Agent","1000","","","","",""
"Home - Veterinary Business Matters","https://veterinarybusinessmatters.com/","6","ğŸ“ Manual Phone","Custom X Agent","1000","","","","",""
"Counsel for Vets | Veterinary Business Advisors, NJ","https://veterinarybusinessadvisors.com/","7","ğŸ“ Manual Phone","Custom X Agent","1000","","","","",""
"Veterinary economics | American Veterinary Medical Association","https://www.avma.org/resources-tools/veterinary-economics","7","ğŸ“ Manual Phone","Custom X Agent","1000","","","","",""
"US Veterinary Businesses for Sale | Buy a Vet Practice","https://dealstream.com/united-states/veterinary-businesses-for-sale","8","ğŸ“ Manual Phone","Custom X Agent","1000","","","","",""
"group veterinary business Archives - The Law Office of Lynnette","https://www.arialawfirm.com/tag/group-veterinary-business/","7","ğŸ“ Manual Phone","Custom X Agent","1000","","","","",""
"Best Rated Local Veterinary Near Me","https://nearmelisting.com/category/veterinarians","7","ğŸŒ Outdated Site","Custom X Agent","1000","","","","",""
"Location | Vets Near Me","https://vetsnear.me/location/united-states/md/damascus-2/","7","ğŸ“ Manual Phone","Custom X Agent","1000","","","","",""
"North Star Animal Hospital | Veterinary Clinic | Cat Clinic | Pet Dentist","https://www.northstaranimalhospital.com/","7","ğŸ“ Manual Phone","Custom X Agent","1000","","","","",""
"The Significance of Locating a Trusted â€œDog Veterinary Near Me â€","https://medium.com/@monkoodog5/the-significance-of-locating-a-trusted-dog-veterinary-near-me-2a0b7ecaea1a","8","ğŸ“ Manual Phone","Custom X Agent","1000","","","","",""
"Emergency Veterinary Clinic Near Me","https://www.pinterest.com/ideas/emergency-veterinary-clinic-near-me/920438736709/","6","ğŸ“ Manual Phone","Custom X Agent","1000","","","","",""
"vets near me veterinary and veterinarian - stony brook home...","https://www.stonybrookhomevet.com/","7","ğŸ“ Manual Phone","Custom X Agent","1000","","","","",""
"Veterinary Near Me : Best Pet Care Nearby - Pets Care N Cure","https://petscarencure.pk/2024/12/04/veterinary-near-me-best-pet-care-nearby/","7","ğŸ“ Manual Phone","Custom X Agent","1000","","","","",""
"Nearby Near Me Veterinary Care APK for Android Download","https://apkpure.com/nearby-near-me-veterinary-care/com.veterinary_carefinder.application","8","ğŸŒ Outdated Site","Custom X Agent","1000","","","","",""
"Veterinary Near Me - photos and vectors","https://dishcuss.com/explore/veterinary-near-me","8","ğŸŒ Outdated Site","Custom X Agent","1000","","","","",""
"Best Emergency Veterinarians | 24/7 Pet Care in Deerfield Beach","https://www.animalemergencyurgentcare.com/how-to-find-the-best-emergency-veterinarians-near-me/","8","ğŸŒ Outdated Site","Custom X Agent","1000","","","","",""
"Find a Veterinary Clinic - Veterinary Clinic Reviews and ...","https://www.vetratingz.com/","8","ğŸŒ Outdated Site","Custom X Agent","1000","","","","",""
"3 Best Veterinary Clinics in Phoenix, AZ - ThreeBestRated.com","https://threebestrated.com/veterinary-clinics-in-phoenix-az","7","ğŸ“ Manual Phone","Custom X Agent","1000","","","","",""
"Americaâ€™s Top-Rated Veterinary Hospitals - Find Your Vet","https://reviews.vet/","6","ğŸ“ Manual Phone","Custom X Agent","1000","","","","",""
"Veterinary dept to review memo on Kopiâ€™s death - video","https://www.dailymotion.com/video/x97n6u6","8","ğŸ“ Manual Phone","Custom X Agent","1000","","","","",""
"National Veterinary Associates Pet Owners Reviews 2025 â€“","https://www.complaintsboard.com/national-veterinary-associates-b160749","6","ğŸ“ Manual Phone","Custom X Agent","1000","","","","",""
"Journal of Veterinary Sciences JVS | Research & Reviews","https://www.rroij.com/veterinary-sciences.php","6","ğŸ“ Manual Phone","Custom X Agent","1000","","","","",""
"Concise Review of Veterinary Virology | IVIS","https://www.ivis.org/library/concise-review-of-veterinary-virology","7","ğŸ“ Manual Phone","Custom X Agent","1000","","","","",""
"Reviews for Veterinary Clinics: Tip the Scales | RevenueJump","https://www.revenuejump.com/blog/reviews-veterinary-clinics-tip-scales/","6","ğŸ“ Manual Phone","Custom X Agent","1000","","","","",""