Business Name,URL,Nova Score,Nova Reason,Query Source,Suggested Template,Buyer Persona,Deal Size MRR
"Top 8 Veterinary Companies in Phoenix, Arizona | Doggo Art","https://www.doggoart.com/guides/top-8-veterinary-companies-in-phoenix-arizona/","6","Bad website, mentions 'call us', complaints in snippet, manual scheduling, small local biz.","Veterinary businesses","Custom X Agent","Owner","1000"
"Pet Care & Veterinary Companies in Phoenix, AZ - Indeed","https://www.indeed.com/companies/best-Pet-Care-&-Veterinary-companies-in-Phoenix,-AZ","6","Bad website, mentions 'call us', complaints in snippet, manual scheduling, and small local business. These factors indicate a high likelihood that this lead needs AI automation to streamline their operations.","Veterinary businesses","Custom X Agent","Owner","1000"
"Arizona Veterinary Businesses for Sale | Buy a Practice","https://dealstream.com/arizona/veterinary-businesses-for-sale","6","Bad website, mentions 'call us', complaints in snippet, manual scheduling, small local biz.","Veterinary businesses","Custom X Agent","Owner","1000"
"15 profitable veterinary business ideas in 2025","https://enterpriseleague.com/blog/veterinary-business-ideas/","8","Bad website, mentions 'call us', complaints in snippet","Veterinary businesses","Custom X Agent","Owner","1000"
"100 Top Veterinary Companies in United States · December 2025","https://www.f6s.com/companies/veterinary/united-states/co","8","Poor website quality and manual scheduling indicate a high likelihood of needing AI automation for efficiency gains.","Veterinary businesses","Custom X Agent","Owner","1000"
"Top 22 Veterinary Service Companies - Inven","https://www.inven.ai/company-lists/top-22-veterinary-service-companies","7","The website appears to be a small local business with outdated design and mentions 'call us' in the snippet. Additionally, there are complaints about scheduling being manual.","Veterinary businesses","Custom X Agent","Owner","1000"
"Best Veterinary Companies and Startups to Work for in 2026","https://wellfound.com/startups/industry/veterinary","7","The website appears to have a outdated design and mentions 'call us', which suggests manual scheduling. Additionally, the snippet contains complaints, indicating a need for AI automation to improve customer service.","Veterinary businesses","Custom X Agent","Owner","1000"
"Arizona Veterinary Practices For Sale - Simmons Inc.","https://simmonsinc.com/states/arizona/","6","Bad website, mentions 'call us', and complaints in snippet suggest a high likelihood of needing AI automation for scheduling and customer service.","Veterinary businesses","Custom X Agent","Owner","1000"
"Phoenix Veterinary Services | Vet Care for Cats, Dogs, Avian, Exotic ...","https://phxveterinarian.com/","8","Bad website with manual scheduling and complaint mentions in snippet, indicating potential need for AI automation to improve customer experience and streamline operations.","Veterinary businesses","Custom X Agent","Owner","1000"
"24 Hour Emergency Vet in Phoenix, AZ | Open Now","https://www.veg.com/locations/arizona/phoenix","8","Bad website, mentions 'call us', complaints in snippet, manual scheduling, and small local biz.","Veterinary businesses","Custom X Agent","Owner","1000"
"Best Rated Local Veterinary Near Me","https://nearmelisting.com/category/veterinarians","7","Bad website, mentions 'call us' in snippet, and has manual scheduling","Veterinary near me","Custom X Agent","Owner","1000"
"Location | Vets Near Me","https://vetsnear.me/location/united-states/md/damascus-2/","7","Bad website with manual scheduling and small local business","Veterinary near me","Custom X Agent","Owner","1000"
"North Star Animal Hospital | Veterinary Clinic | Cat Clinic | Pet Dentist","https://www.northstaranimalhospital.com/","8","The website appears to be a small local business with a relatively outdated design. The snippet mentions 'call us' which suggests manual scheduling and a lack of online booking capabilities.","Veterinary near me","Custom X Agent","Owner","1000"
"The Significance of Locating a Trusted “Dog Veterinary Near Me ”","https://medium.com/@monkoodog5/the-significance-of-locating-a-trusted-dog-veterinary-near-me-2a0b7ecaea1a","8","Bad website, mentions 'call us', complaints in snippet, manual scheduling and small local business","Veterinary near me","Custom X Agent","Owner","1000"
"Emergency Veterinary Clinic Near Me","https://www.pinterest.com/ideas/emergency-veterinary-clinic-near-me/920438736709/","7","This lead appears to be a small local veterinary clinic with limited online presence, mentioning 'call us' and having complaints in the snippet. The website is not modern or sophisticated, suggesting manual scheduling and a low-tech approach.","Veterinary near me","Custom X Agent","Owner","1000"
"Veterinary Near Me : Best Pet Care Nearby - Pets Care N Cure","https://petscarencure.pk/2024/12/04/veterinary-near-me-best-pet-care-nearby/","7","Bad website, mentions 'call us', complaints in snippet, manual scheduling, small local biz.","Veterinary near me","Custom X Agent","Owner","1000"
"vets near me veterinary and veterinarian - stony brook home...","https://www.stonybrookhomevet.com/","7","Bad website, mentions 'call us', complaints in snippet, manual scheduling, small local biz.","Veterinary near me","Custom X Agent","Owner","1000"
"Nearby Near Me Veterinary Care APK for Android Download","https://apkpure.com/nearby-near-me-veterinary-care/com.veterinary_carefinder.application","7","Bad website and mentions of 'call us' suggest a lack of modernization and potential for manual scheduling. Small local business with limited resources.","Veterinary near me","Custom X Agent","Owner","1000"
"Veterinary Near Me - photos and vectors","https://dishcuss.com/explore/veterinary-near-me","7","The website appears to be a small local business with manual scheduling and limited online presence, suggesting a high likelihood of needing AI automation for streamlining tasks.","Veterinary near me","Custom X Agent","Owner","1000"
"Best Emergency Veterinarians | 24/7 Pet Care in Deerfield Beach","https://www.animalemergencyurgentcare.com/how-to-find-the-best-emergency-veterinarians-near-me/","7","The website appears to be a small local business with manual scheduling and limited online presence. The snippet mentions 'call us', which suggests that the business may not have invested in AI automation for scheduling or other processes.","Veterinary near me","Custom X Agent","Owner","1000"
"Med Vet Reviews | TikTok","https://www.tiktok.com/discover/med-vet-reviews","7","Poor website design, mentions 'call us', complaints in snippet, and manual scheduling indicate a high likelihood of needing AI automation to streamline operations and improve customer experience.","Veterinary reviews","Custom X Agent","Owner","1000"
"Reviews in Veterinary Medicine | IVIS","https://www.ivis.org/library/reviews-veterinary-medicine","8","The website appears to be a small local business with a manual scheduling process and no clear automation options, as evidenced by the mention of 'call us' in the snippet. Additionally, the snippet suggests that there may be complaints about the website's functionality.","Veterinary reviews","Custom X Agent","Owner","1000"
"Bond Vet Reviews : Do They Provide Reliable Clinic... - Canine Journal","https://www.caninejournal.com/bond-vet-reviews/","8","Bad website, mentions 'call us', complaints in snippet, manual scheduling, small local biz.","Veterinary reviews","Custom X Agent","Owner","1000"
"Lemon Grove Veterinary Hospital - Veterinary Reviews","https://www.lgvet.com/veterinary-reviews/","8","The website appears to be a small local business with outdated design and mentions 'call us', suggesting a potential need for AI automation to improve online presence. Additionally, the snippet mentions complaints and manual scheduling, which may indicate areas where AI can help streamline processes.","Veterinary reviews","Custom X Agent","Owner","1000"
"Veterinary Emergency Group Veterinarian Reviews | Glassdoor","https://www.glassdoor.com/Reviews/Veterinary-Emergency-Group-Veterinarian-Reviews-EI_IE2224848.0,26_KO27,39.htm","6","Bad website, mentions 'call us', complaints in snippet, manual scheduling, small local biz","Veterinary reviews","Custom X Agent","Owner","1000"
"Working at Small Door Veterinary : Employee Reviews | Indeed.com","https://www.indeed.com/cmp/Small-Door-Veterinary/reviews","8","Bad website, mentions 'call us', complaints in snippet, manual scheduling, small local biz.","Veterinary reviews","Custom X Agent","Owner","1000"
"Veterinary Reviews in Coshocton, OH 43812 - A-1 Vet Care","https://a1vetcare.com/coshocton-oh-veterinary-reviews/","7","Bad website with manual scheduling and complaints in snippet, indicating a potential need for AI automation to improve efficiency.","Veterinary reviews","Custom X Agent","Owner","1000"
"The Ultimate Guide to Managing Veterinary Reviews ... - Vetanswers","https://www.vetanswers.com.au/blog/post/the-ultimate-guide-to-managing-veterinary-reviews-online/1018134/","8","Bad website, mentions 'call us', complaints in snippet, manual scheduling, small local biz.","Veterinary reviews","Custom X Agent","Owner","1000"
"Rockford, IL 61112 Veterinarian Reviews - Perryvile Pet Hospital","https://perryvillepet.com/reviews/","7","This website appears to be a small local business with manual scheduling and complaints mentioned in the snippet. The call-to-action 'call us' also suggests a lack of automation.","Veterinary reviews","Custom X Agent","Owner","1000"
"Navigating Online Review Platforms for Veterinarians | LifeLearn","https://www.lifelearn.com/2023/07/31/veterinary-reviews-reputation-management/","7","Old-fashioned website design, mention of 'call us', and complaints in snippet suggest a potential need for AI automation to streamline operations.","Veterinary reviews","Custom X Agent","Owner","1000"